Dubai,United Arab Emirates
Abu Dhabi,United Arab Emirates
Sharjah,United Arab Emirates
Al Ain,United Arab Emirates
Ajman,United Arab Emirates
Ras Al Khaimah,United Arab Emirates
Fujairah,United Arab Emirates
Umm Al Quwain,United Arab Emirates
Khor Fakkan,United Arab Emirates
Dibba Al-Fujairah,United Arab Emirates

Riyadh,Saudi Arabia
Jeddah,Saudi Arabia
Mecca,Saudi Arabia
Medina,Saudi Arabia
Dammam,Saudi Arabia
Khobar,Saudi Arabia
Dhahran,Saudi Arabia
Taif,Saudi Arabia
Abha,Saudi Arabia
Tabuk,Saudi Arabia

Doha,Qatar
Al Rayyan,Qatar
Umm Salal,Qatar
Al Wakrah,Qatar
Al Khor,Qatar
Dukhan,Qatar
Mesaieed,Qatar
Lusail,Qatar
Al Daayen,Qatar
Al Shamal,Qatar

Kuwait City,Kuwait
Hawally,Kuwait
Salmiya,Kuwait
Farwaniya,Kuwait
Jahra,Kuwait
Ahmadi,Kuwait
Fahaheel,Kuwait
Sabah Al Salem,Kuwait
Mangaf,Kuwait
Abu Halifa,Kuwait

Manama,Bahrain
Riffa,Bahrain
Muharraq,Bahrain
Hamad Town,Bahrain
Aali,Bahrain
Isa Town,Bahrain
Sitra,Bahrain
Budaiya,Bahrain
Jidhafs,Bahrain
Tubli,Bahrain

Muscat,Oman
Seeb,Oman
Salalah,Oman
Bawshar,Oman
Sohar,Oman
Nizwa,Oman
Ibri,Oman
Sur,Oman
Rustaq,Oman
Khasab,Oman

Paris,France
Marseille,France
Lyon,France
Toulouse,France
Nice,France
Nantes,France
Montpellier,France
Strasbourg,France
Bordeaux,France
Lille,France

Berlin,Germany
Hamburg,Germany
Munich,Germany
Cologne,Germany
Frankfurt,Germany
Stuttgart,Germany
Düsseldorf,Germany
Dortmund,Germany
Essen,Germany
Leipzig,Germany

London,United Kingdom
Manchester,United Kingdom
Birmingham,United Kingdom
Leeds,United Kingdom
Glasgow,United Kingdom
Liverpool,United Kingdom
Bristol,United Kingdom
Sheffield,United Kingdom
Nottingham,United Kingdom
Leicester,United Kingdom

Rome,Italy
Milan,Italy
Naples,Italy
Turin,Italy
Palermo,Italy
Bologna,Italy
Florence,Italy
Padua,Italy
Verona,Italy
Parma,Italy

Madrid,Spain
Barcelona,Spain
Valencia,Spain
Seville,Spain
Zaragoza,Spain
Málaga,Spain
Murcia,Spain
Palma,Spain
Bilbao,Spain
Granada,Spain

Amsterdam,Netherlands
Rotterdam,Netherlands
The Hague,Netherlands
Utrecht,Netherlands
Eindhoven,Netherlands
Tilburg,Netherlands
Groningen,Netherlands
Almere,Netherlands
Breda,Netherlands
Nijmegen,Netherlands

Stockholm,Sweden
Gothenburg,Sweden
Malmö,Sweden
Uppsala,Sweden
Västerås,Sweden
Örebro,Sweden
Linköping,Sweden
Helsingborg,Sweden
Jönköping,Sweden
Norrköping,Sweden

Zurich,Switzerland
Geneva,Switzerland
Basel,Switzerland
Bern,Switzerland
Lausanne,Switzerland
Lucerne,Switzerland
St. Gallen,Switzerland
Winterthur,Switzerland
Biel,Switzerland
Thun,Switzerland

Algiers,Algeria
Oran,Algeria
Constantine,Algeria
Annaba,Algeria
Blida,Algeria
Batna,Algeria
Sétif,Algeria
Sidi Bel Abbès,Algeria
Béjaïa,Algeria
Tlemcen,Algeria

Casablanca,Morocco
Rabat,Morocco
Fes,Morocco
Marrakesh,Morocco
Tangier,Morocco
Agadir,Morocco
Meknes,Morocco
Oujda,Morocco
Kenitra,Morocco
Tetouan,Morocco

Cairo,Egypt
Alexandria,Egypt
Giza,Egypt
Shubra El Kheima,Egypt
Port Said,Egypt
Suez,Egypt
Mansoura,Egypt
Tanta,Egypt
Zagazig,Egypt
Ismailia,Egypt

Lagos,Nigeria
Abuja,Nigeria
Ibadan,Nigeria
Benin City,Nigeria
Port Harcourt,Nigeria
Abeokuta,Nigeria
Onitsha,Nigeria
Owerri,Nigeria
Uyo,Nigeria
Akure,Nigeria

Johannesburg,South Africa
Cape Town,South Africa
Durban,South Africa
Pretoria,South Africa
Port Elizabeth,South Africa
East London,South Africa
Bloemfontein,South Africa
Polokwane,South Africa
Rustenburg,South Africa
Nelspruit,South Africa
